오름명 별칭	위치	비고(m)	표고(m)	경도	위도	설명	주차	화장실	난이도	혼잡도	관리기관	관리자번호	운영시간	쉬는날	이용요금	오름영문명	데이터기준일자
아부오름	"앞오름, 전악(前岳), 아보름, 압오름"	제주특별자치도 제주시 구좌읍 송당리 산164-1	51	301.4	126.6909	33.4487	분화구 내부의 원형 삼나무숲이 유명한 기생화산으로 경사가 완만하여 초보자도 오르기 쉽다. 영화·드라마 촬영지로도 잘 알려져 있다.	TRUE	FALSE	하	보통	제주특별자치도 제주시	064-740-6000	상시개방	없음	0	abu	2021-11-30
아끈다랑쉬오름	"소월랑봉(小月郞峰), 소월랑수(小月郞岫)"	제주특별자치도 제주시 구좌읍 세화리 2593-1	58	198	126.8326	33.4776	"다랑쉬오름 동남쪽에 위치한 작은 기생화산으로, 제주어 '아끈'은 '작은·버금가는'이라는 뜻이다. 얕은 원형 분화구와 가을 억새가 아름다우며 정상까지 약 10분이면 오를 수 있다."	TRUE	FALSE	하	보통	제주특별자치도 제주시	064-740-6000	상시개방	없음	0	akkeundalangswi	2021-11-30
알밤오름	"바매기오름, 율악(栗岳)"	제주특별자치도 제주시 조천읍 선흘리 산102-1	154	393.6	126.885675	33.480757	"비고 154m의 말굽형 화구를 가진 오름으로, 산체가 밤알을 닮아 '알밤오름'이라 불린다. 정상에서는 웃밤오름과 동백동산 일대를 조망할 수 있다."	TRUE	FALSE	중	낮음	제주특별자치도 제주시	064-740-6000	상시개방	없음	0	albam	2021-11-30
알오름	"두산봉알오름, 두산난봉(斗山卵峰)"	제주특별자치도 서귀포시 성산읍 시흥리 산1-5	51	145.9	126.89701	33.476498	"응회환 내부에 형성된 분석구를 가진 전형적인 이중식 화산체로, 제주올레 1코스에 포함되어 있으며 성산일출봉과 우도, 제주 동부 해안 조망이 뛰어나다."	TRUE	FALSE	하	보통	제주특별자치도 서귀포시	064-740-6000	상시개방	없음	0	al	2021-11-30
안돌오름	"안돌악(安乭岳), 안돌이오름"	제주특별자치도 제주시 구좌읍 송당리 산66-2	119	368.1	126.754994	33.455844	"제주 동부 송당목장 일대에 위치한 말굽형 화산체로, 넓은 초지와 삼나무 숲길이 어우러져 경관이 뛰어난 오름이다. 억새 명소로도 유명하며 비밀의 숲과 인접해 있다."	TRUE	FALSE	하	보통	제주특별자치도 제주시	064-740-6000	상시개방	없음	0	andol	2021-11-30
안세미오름	"명도오름, 안생이, 조리새미오름, 형제봉, 명도악(明道岳)"	제주특별자치도 제주시 봉개동 산2	91	396.4	126.6129	33.4623	"북동쪽으로 벌어진 대형 말굽형 화구를 가진 오름으로, 명도암물(조리새미) 샘과 울창한 해송·상수리 숲이 어우러진 자연경관이 뛰어난 오름이다. 밧세미오름과 함께 '형제오름'이라 불린다."	TRUE	FALSE	하	낮음	제주특별자치도 제주시	064-740-6000	상시개방	없음	0	ansemi	2021-11-30
백약이오름	"백약악(百藥岳), 백약산"	제주특별자치도 서귀포시 표선면 성읍리 산1	132	356.9	126.789767	33.436809	"원형 화구를 가진 오름으로 예부터 백여 가지 약초가 자생한다고 하여 '백약이오름'이라 불린다. 정상에서는 성산일출봉, 한라산과 주변 오름군을 조망할 수 있으며, 둘레 탐방이 가능한 대표적인 제주 오름이다."	TRUE	FALSE	중	높음	제주특별자치도	064-740-6000	상시개방	없음	0	baeg-yagi	2021-11-30
밝은오름	"명도악(明道岳), 발근오름"	제주특별자치도 제주시 한림읍 상명리 산8	109	349.3	126.315873	33.338778	"남서쪽으로 열린 말굽형 화구를 가진 오름으로, 초지와 삼나무 숲이 어우러져 한림 서부 중산간의 경관을 감상하기 좋은 오름이다. 비교적 한적하여 자연 탐방에 적합하다."	TRUE	FALSE	하	낮음	제주특별자치도 제주시	064-740-6000	상시개방	없음	0	balgeun	2021-11-30
바농오름	"바늘오름, 바능오름, 침악(針岳), 반응악(盤凝岳)"	제주특별자치도 제주시 조천읍 교래리 산108	142	552.1	126.6638	33.4455	"산정부의 원형 화구와 북동쪽으로 열린 말굽형 화구를 함께 가진 쌍둥이형 복합 화산체이다. 오름 주변에는 삼나무와 해송 숲이 조성되어 있으며, '바농'은 제주어로 바늘을 뜻한다."	TRUE	FALSE	중	낮음	제주특별자치도 제주시	064-740-6000	상시개방	없음	0	banong	2021-11-30
비치미오름	비치미악(飛致味岳)	제주특별자치도 제주시 구좌읍 송당리 산64	109	344.1	126.76329	33.426395	비고 109m의 북동향 말굽형 화구를 가진 기생화산이다. 송당리 중산간 초지에 위치하며 억새와 초원이 어우러져 한적한 탐방을 즐길 수 있는 오름이다.	TRUE	FALSE	하	낮음	제주특별자치도 제주시	064-740-6000	상시개방	없음	0	bichimi	2021-11-30
밧돌오름	"밧돌, 밖돌오름, 외석악(外石岳), 외돌악"	제주특별자치도 제주시 구좌읍 송당리 산66-1	103	352.8	126.7579	33.4488	"북동쪽으로 열린 말굽형 화구를 가진 오름으로, 안돌오름과 마주한 쌍둥이 오름이다. 정상에는 큰 바위와 돌무더기가 있으며, 초지와 숲이 어우러져 조망이 뛰어나다."	TRUE	FALSE	하	낮음	제주특별자치도 제주시	064-740-6000	상시개방	없음	0	botdol	2021-11-30
천아오름	"초낭오름, 처남오름, 처나름, 천아악(天娥岳), 진목악(眞木岳)"	제주특별자치도 제주시 한림읍 상대리 1689	49	133.6	126.2976	33.4028	"3개의 봉우리를 가진 말굽형 화산체로 서남쪽으로 열린 화구를 이루고 있다. 참나무(초낭)가 많아 초낭오름이라 불렸으며, 천주교 한림공동묘지 인근에 위치한다."	TRUE	FALSE	하	낮음	제주특별자치도 제주시	064-740-6000	상시개방	없음	0	cheona	2021-11-30
칡오름	갈악(葛岳)	제주특별자치도 서귀포시 상효동 산129	96	271	126.5869	33.3009	"상효동에 위치한 원형 화구의 오름으로, 예전에는 칡이 많이 자생하여 '칡오름'이라 불렸다. 현재는 소나무·삼나무 숲과 일부 과수원이 조성되어 있으며 정상에는 통신시설이 있다."	TRUE	FALSE	중	낮음	제주특별자치도 서귀포시	064-760-4665	상시개방	없음	0	chik	2021-11-30
대병악	"골른오름, 여진머리, 병악(屛岳)"	제주특별자치도 서귀포시 안덕면 상창리 산2-1	132	491.9	126.367577	33.306248	"북쪽으로 열린 말굽형 화구를 가진 분석구 오름으로, 소병악과 나란히 위치한다. 안덕곶자왈의 발원 화산체로 알려져 있으며 초지와 곶자왈 경관이 뛰어난 오름이다."	TRUE	FALSE	중	낮음	제주특별자치도	064-740-6000	상시개방	없음	0	daebyeongak	2021-11-30
대수산봉	"큰물메, 대수산(大水山)"	제주특별자치도 서귀포시 성산읍 고성리 산34	117	137.3	126.873638	33.448168	"성산읍 고성리에 위치한 말굽형 화산체로, 성산일출봉·우도·섭지코지와 제주 동부 해안을 한눈에 조망할 수 있는 대표적인 전망 오름이다. 일명 '큰물메'라고도 불린다."	TRUE	TRUE	하	보통	제주특별자치도 서귀포시	064-760-4282	상시개방	없음	0	daesusanbong	2021-11-30
대왕산	"왕뫼, 왕메, 왕미, 왱미오름, 와양뫼, 대왕산(大王山)"	제주특별자치도 서귀포시 성산읍 수산리 1431	83	157.6	126.8426	33.4478	"성산읍 수산리 북서쪽에 위치한 북서향 말굽형 화구의 오름이다. 능선이 '왕(王)'자 모양을 닮아 왕뫼라 불리며, 삼나무와 해송 숲길을 따라 정상에서 성산 일대와 제주 동부를 조망할 수 있다."	TRUE	FALSE	하	보통	제주특별자치도 서귀포시	064-760-4282	상시개방	없음	0	daewangsan	2021-11-30
다랑쉬오름	"월랑봉(月郞峰), 달랑쉬오름"	제주특별자치도 제주시 구좌읍 세화리 산6	227	382.4	126.821274	33.477721	"제주를 대표하는 분석구(스코리아 콘)로 '오름의 여왕'이라 불린다. 깊이 약 115m의 원형 분화구를 가지고 있으며, 정상에서는 성산일출봉·우도·한라산과 주변 오름군을 조망할 수 있다. 다랑쉬굴과 제주4·3의 역사적 의미를 함께 지닌 오름이다."	TRUE	TRUE	상	높음	제주특별자치도	064-740-6000	상시개방	없음	0	dalangswi	2021-11-30
달산봉	"탈산봉, 망오름, 달산(達山峰)"	제주특별자치도 서귀포시 표선면 하천리 산70	87	136.5	126.832405	33.345638	"동쪽으로 열린 말굽형 화구를 가진 화산체이다. 세 개의 봉우리가 능선으로 길게 이어져 있으며, 달 모양을 닮아 '달산봉'이라 불린다. 정상에는 조선시대 달산봉수대가 남아 있고, 제석오름과 이웃해 있다."	TRUE	FALSE	하	낮음	서귀포시	064-760-3031	상시개방	없음	0	dalsanbong	2021-11-30
당오름	당악(堂岳)	제주특별자치도 제주시 구좌읍 송당리 산199-1	69	274.1	126.7826	33.4695	"북서쪽으로 침식된 말굽형 화구를 가진 오름으로, 송당 본향당(백주또 신화)의 배경이 되는 신성한 오름이다. 울창한 삼나무·해송 숲과 잘 정비된 둘레길이 조성되어 있으며 정상과 둘레길 탐방이 모두 가능하다."	TRUE	FALSE	하	보통	제주특별자치도 제주시	064-740-6000	상시개방	없음	0	dang	2021-11-30
당산봉	"당오름, 차귀오름, 계관산, 당산악"	제주특별자치도 제주시 한경면 용수리 산18	118	148	126.17365	33.308254	"제주 서부 해안을 대표하는 수성화산체(응회구)로, 굼부리 안에 또 다른 분화구(알오름)가 있는 희귀한 이중 화산체이다. 차귀도, 수월봉, 신창풍차해안도로를 조망할 수 있으며 제주올레 12코스에 포함된다."	TRUE	TRUE	하	높음	제주특별자치도 세계유산본부	064-710-6072	상시개방	없음	0	dangsanbong	2021-11-30
단산	"바굼지오름, 바구미오름, 簞山"	제주특별자치도 서귀포시 대정읍 인성리 21-6	113	158	126.288719	33.243938	"비고 113m의 원추형 화구를 가진 화산체이다. 박쥐가 날개를 펼친 듯한 독특한 암봉 형태를 지니며, 정상에서는 산방산·송악산·마라도와 대정평야를 조망할 수 있다. 드라마 및 영화 촬영지로도 유명하다."	TRUE	FALSE	중	높음	제주특별자치도 서귀포시	064-760-3031	상시개방	없음	0	dansan	2021-11-30
도청오름	"도청악, 알오름"	제주특별자치도 서귀포시 표선면 표선리 2450	70	100.5	126.8436	33.3568	"매오름 외륜 남동사면에 형성된 분석구로, 수성분화 후 육상에서 다시 분화한 제주에서도 드문 복합화산체이다. 정상에는 해양경찰 레이더 기지가 있으며 매오름과 함께 탐방하는 경우가 많다."	TRUE	FALSE	하	보통	제주특별자치도	064-740-6000	상시개방	없음	0	docheong	2021-11-30
독자봉	"독산(獨山), 망오름, 사자봉(獅子峰), 사지봉"	제주특별자치도 서귀포시 성산읍 신산리 1785	79	159.3	126.854177	33.387711	"남동쪽으로 열린 말굽형 화구를 가진 오름으로, 정상에는 조선시대 봉수대 터가 남아 있다. 홀로 떨어져 있는 지형에서 이름이 유래했으며, 미천굴과 통오름이 인접해 역사와 자연을 함께 즐길 수 있는 오름이다."	TRUE	TRUE	하	보통	제주특별자치도	064-740-6000	상시개방	없음	0	dokjabong	2021-11-30
돔배오름	"돔베오름, 조악(俎岳), 정악(丁岳), 궤악(机岳)"	제주특별자치도 제주시 조천읍 교래리 산64	36	466	126.668571	33.429062	"원형 화구를 가진 분석구로, 제주어 '돔배(도마)'를 닮은 평평한 형태에서 이름이 유래하였다. 교래사거리 인근에 위치하며 정상까지 약 10~15분이면 오를 수 있는 완만한 오름이다."	TRUE	FALSE	하	낮음	제주특별자치도 제주시	064-740-6000	상시개방	없음	0	dombae	2021-11-30
돛오름	"돝오름, 돗오름, 비저오름, 저악(猪岳)"	제주특별자치도 제주시 구좌읍 송당리 산3	129	284.2	126.53119	33.499622	"비자림 서남쪽에 위치한 원형 분화구를 가진 기생화산이다. 제주어로 '돝'은 돼지를 뜻하며 산체가 돼지를 닮아 이름이 붙었다. 완만한 능선과 넓은 분화구, 비자림과 다랑쉬오름을 조망할 수 있는 전망이 특징이다."	TRUE	FALSE	하	보통	제주특별자치도	064-740-6000	상시개방	없음	0	dot	2021-11-30
둔지봉	둔지오름	제주특별자치도 제주시 구좌읍 한동리 산 40	152	282.2	126.795341	33.502773	"비고 152m의 남서향 말굽형 화구를 가진 오름으로 소나무·삼나무·편백나무 군락과 억새가 분포하며 정상에서는 한라산, 구좌·조천 일대 오름, 우도까지 조망할 수 있다."	FALSE	FALSE	보통	낮음	제주특별자치도 세계유산본부	064-783-2619	상시개방	없음	무료	dunjibong	2021-11-30
두산봉	"말미오름, 멀미오름, 각호봉, 斗山峰"	제주특별자치도 서귀포시 성산읍 시흥리 산1-5번지 일대	101	126.5	126.927514	33.474945	수성화산 활동으로 형성된 응회환 내부에 분석구가 만들어진 복합형 오름이다. 제주올레 1코스에 포함되며 정상에서는 성산일출봉·우도·동부 해안 조망이 가능하다.	TRUE	TRUE	보통	보통	제주특별자치도 서귀포시 성산읍사무소	064-760-4231	상시개방	없음	무료		2021-11-30
어대오름	"어두름, 어대악(御帶岳), 어대악(魚垈岳), 어태악(魚岱岳)"	제주특별자치도 제주시 구좌읍 덕천리	55	210.5	126.7608417	33.49564978	비고 55m의 말굽형(북서향) 화구를 가진 화산체. 동쪽에서 볼 때는 둥근 모양이나 남·북쪽에서는 정상에서 길게 흘러내린 능선이 유선형을 이룬다.	null	null	null	null	null	null	null	null	null	eodae	2021-11-30
어도오름	"도노미, 어도봉(於道峰), 도내봉(道內峰), 도내산(道內山), 도래미, 도래메, 되레미"	제주특별자치도 제주시 애월읍 봉성리	73	143	126.307381	33.421005	비고 73m의 말굽형(북향) 화구를 가진 화산체. 경사가 완만하고 산책로가 잘 정비되어 있다.	null	null	null	null	null	null	null	null	null	eodo	2021-11-30
은월봉	"윤드리오름, 은다리오름, 은들오름, 운들오름, 눈달오름, 은월봉(隱月峰)"	제주특별자치도 제주시 구좌읍 종달리	75	179.6	126.854477	33.46896	비고 75m의 말굽형(북동향) 화구를 지닌 화산체. 넓은 들판 가운데 숨어 있는 형상에서 '달이 숨어 있다'는 이름이 유래했다. 남동쪽에 소나무와 삼나무가 조림되어 깊은 숲을 이룬다.	null	null	null	null	null	null	null	null	null	eunwolbong	2021-11-30
갑선이오름	"갑선악(甲蟬岳), 갑선악(甲先岳), 갑선악(甲旋岳)"	제주특별자치도 서귀포시 표선면 가시리	83	188.2	126.781845	33.359951	"비고 83m의 말굽형 화구를 지닌 화산체. 능선을 기준으로 양쪽 사면이 급경사이며, 서쪽이 분화구이자 가시리 마을 방향이다. 오름을 반원형으로 감싸 도는 길이 약 950m의 지렁이형 골짜기가 특징이다."	null	null	null	null	null	null	null	null	null	gabseon-i	2021-11-30
개오름	"개악(蓋岳), 구악(狗岳/拘岳)"	제주특별자치도 서귀포시 표선면 성읍리 2974	130	344.7	126.772675	33.423016	"비고 130m의 원추형 화산체. 산정부 남쪽이 정상이고 북쪽은 봉긋하게 부풀어 그 사이가 우묵하며, 동서 사면에 작은 골이 얕게 패인 기생화산체이다. 남동사면에 해송·삼나무가 조림되었고 그 외에는 풀밭으로 술패랭이, 가시쑥부쟁이, 낭아초, 피뿌리풀 등이 자생한다. 전망권이 좋은 편이다."	null	null	중	null	null	null	null	null	null	gae	2021-11-30
가마오름	가메오름	제주특별자치도 제주시 한경면 청수리	51	140.5	126.246628	33.305321	"비고 51m의 말굽형(북동향) 화구를 지닌 화산체. 주봉인 남쪽 봉우리를 중심으로 북쪽으로 뻗은 등성마루에 언덕 같은 봉우리가 솟아 있고, 완만한 동사면이 북동쪽으로 얕고 넓게 벌어져 있으며 붉은 송이로 이루어져 있다. 해송과 잡목이 숲을 이룬다. 일제강점기 일본군이 주둔했던 곳으로 인공적으로 파인 수직굴이 여러 개 산재해 있다."	null	null	하	null	null	null	null	null	null	gama	2021-11-30
감낭오름	감남오름	제주특별자치도 서귀포시 안덕면 동광리	45	439.8	126.350502	33.324684	비고 45m의 말굽형 화구를 지닌 화산체. 지금은 아니지만 이전에 오름 주변에 감나무가 많아 붙여진 명칭이다. 북동쪽 기슭에서 시작되는 탐방로가 북쪽 기슭을 따라 이어져 원물오름 정상부 코스와 만난다.	null	null	null	null	null	null	null	null	null	gamnang	2021-11-30
가세오름	"가사봉(袈裟峰), 가사봉(可沙峰), 가사악(可沙岳), 갈세, 갈시"	제주특별자치도 서귀포시 표선면 토산리	101	200.5	126.78109	33.331295	"비고 101m의 말굽형(남서향) 화구를 지닌 화산체. 남쪽과 북쪽에 봉우리가 하나씩 있고 두 봉우리를 잇는 능선이 동쪽으로 야트막하게 이어진다. 세화리 쪽에서 보면 사다리꼴, 토산리 쪽에서 보면 두 봉우리가 솟은 모양이다. 오름 형세가 가세(가위)를 닮았다 하여 붙여진 명칭이다."	null	null	null	null	null	null	null	null	null	gase	2021-11-30
가시오름	"가스름, 가시악(加時岳), 가시악(可是岳)"	제주특별자치도 서귀포시 대정읍 동일리	77	106.5	126.243866	33.247208	"비고 77m의 말굽형(남서향) 화구를 지닌 화산체. 동남쪽 사면은 다소 가파르고 서북쪽 사면은 완만하며 정상부까지 농로가 나 있다. 전 사면에 해송이 주종을 이루며 예덕나무·보리수나무 등이 식생하고 일부 사면은 중턱까지 경작지다. 오름에 가시나무(물참나무)가 많이 자생하여 붙여진 명칭이며, 일제가 만든 진지동굴이 곳곳에 남아 있다."	TRUE	null	하	null	null	null	null	null	null	gasi	2021-11-30
거린오름	"요악(了岳), 아악(?岳), 걸인악(傑人岳), 거린악(巨麟岳), 거인악(巨人岳)"	제주특별자치도 서귀포시 안덕면 동광리 산 94	68	298.2	126.332619	33.304913	"비고 68m의 말굽형 화산체. 두 개의 봉우리 사이로 말굽형 굼부리가 길게 이어지며 산체가 둘로 나뉜 형세이고, 이것이 '거린(갈라진)'이라는 명칭의 유래로 추정된다. 북쪽으로 이웃한 북오름과 형제처럼 남북으로 이어져 있으며, 정상부 가운데는 널찍한 잔디밭으로 동쪽 여진머리·족은오름·녹하지오름부터 산방산·송악산·형제섬까지 조망된다. 탐방로 입구는 세 곳으로, ①동광육거리에서 모슬포 방향 730m 지점의 목장 소로로 약 290m 진입한 북오름 탐방로, ②동광육거리에서 1.06km 지점의 거린오름 남쪽 기슭, ③서광2교차로에서 북쪽으로 약 950m 올라간 서쪽 기슭이다. 북오름 진입로로 북오름을 먼저 오른 뒤 거린오름으로 이어가는 코스가 권장된다."	null	null	null	null	null	null	null	null	null	geolin	2021-11-30
걸리오름	null	제주특별자치도 서귀포시 성산읍 신풍리	14	123.8	126.815575	33.376331	"비고가 14m밖에 되지 않아 오름이라 부르기 어려운 규모의 화산체이지만, 산책로 정비는 잘 되어 있다."	null	null	null	null	null	null	null	null	null	geolli	2021-11-30
거문오름	"검은오름, 흑악(黑岳)"	제주특별자치도 제주시 조천읍 선흘리 478	112	456.6	126.720299	33.456268	"비고 112m의 복합형 화구를 가진 화산체로, 북동쪽 산사면이 터진 말굽형 분석구 형태다. 제주에서 유일하게 유네스코 세계자연유산(2007)으로 등재된 오름이며 2005년 천연기념물 제444호로 지정되었다. 여기서 분출한 용암이 약 14km 떨어진 해안까지 흘러 만장굴·벵뒤굴·김녕굴·용천동굴·당처물동굴 등 거문오름용암동굴계를 만들었다. 정상에서 분화구가 한눈에 보이고 분화구 안에 작은 봉우리들이 솟아 있으며, 주변에 화산탄·용암함몰구·수직동굴·풍혈과 식나무·붓순나무 군락, 일본군 갱도진지·병참도로 등이 분포한다. 사전예약제로만 탐방 가능하며 1일 450명(회당 50명, 9회) 한정이고 해설사가 동행한다. 탐방 코스는 정상코스·분화구코스·전체코스로 구분된다."	TRUE	TRUE	null	null	제주특별자치도 세계자연유산본부(제주세계자연유산센터)	064-710-8980~1	09:00~13:00 (30분 간격 출발)	"매주 화요일(자연휴식의 날), 설날, 추석"	어른 2000원 / 청소년·군인·어린이 1000원	geomun	2021-11-30
거슨세미	"거슨새미, 세미오름, 새미오름, 샘오름, 천악(泉岳), 역수산(逆水山), 역천(逆泉), 삼미악(三美岳), 천미악(泉味岳)"	제주특별자치도 제주시 구좌읍 송당리 산 145	125	380	126.759544	33.450577	"비고 125m의 말굽형(서향) 화구를 지닌 화산체. 제주 용천은 보통 바다 쪽으로 흐르는데 이 오름의 샘은 반대로 한라산 쪽으로 거슬러 흘러 '거슨(거스르다)+새미(샘)'라는 이름이 붙었고, 한자로 천악(泉岳)·역수산(逆水山)으로 표기했다. 화구 끝자락에 솟는 샘물이 골짜기를 따라 흘러 목장을 적신다. 식생은 삼나무와 소나무 등 잡목이 우거지고 등성이 일부에 묘가 있으며, 남쪽 등성이는 목장으로 이용돼 방목된 소·말과 마주칠 수 있다. 늦가을에는 은빛 억새 경관을 볼 수 있다. 정상에는 경방초소가 있고 구좌읍 오름밭 일대의 전망이 장관이다. 북쪽에 안돌오름·밧돌오름, 남쪽에 칠오름·민오름이 있다. 번영로 대천교차로에서 송당으로 들어가는 입구 3km 북쪽에 위치한다."	null	null	null	null	null	null	null	null	null	geoseunsemi	2021-11-30
갯거리오름	"갯걸오름, 개꼬리오름, 갓그리오름, 구미악(狗尾岳), 피문악(皮文岳)"	제주특별자치도 제주시 한림읍 명월리	69	253.5	126.292931	33.376663	"비고 69m의 말굽형(서향) 화구를 지닌 화산체. 크고 작은 두 개의 봉우리로 나뉘어 있으며, 두 봉우리 사이로 난 작은 길이 명월리와 금악리의 경계를 이루어 큰 봉우리는 명월리, 작은 봉우리는 금악리에 속한다. 오름의 형세가 개가 꼬리를 끌고 누워 있는 모습과 같다고 하여 붙여진 명칭이며, 두 봉우리가 서로 나뉘어 있다는 데서 갓그리오름·갯거리오름으로 부른다는 설명도 있다."	null	null	null	null	null	null	null	null	null	getgeoli	2021-11-30
극락오름	"극락악(極樂岳), 극락악(極落岳), 극락산(極樂山)"	제주특별자치도 제주시 애월읍 고성리 산3	64	313.5	126.414978	33.436234	"비고 64m의 말굽형(북서향) 화구를 가진 나지막한 화산체. 둘레 1,341m, 면적 131,583㎡, 저경 458m. 분화구 가운데쯤에 극락사라는 절이 있고 오름 북서쪽에서 들어오는 길이 이어진다. 오름 일대는 방목지를 겸하며 화구 쪽 일부는 농경지로 개간되었고, 등성을 따라 가족·문중 묘지가 있다. 정상 부근과 사면에 소나무 군락과 일부 노송이 자라며, 정상부에서 해안 쪽과 한라산 방향을 조망할 수 있다. 남쪽에 신석기 전기 고성리 유물산포지(세선융기문토기 출토), 북쪽에 살손바위가 있고, 정상에서 북서쪽 약 2km 지점에 항파두리성이 보인다. 북쪽 고성리를 초입으로 하면 진입로 직전에 삼별초 용사들이 궁술 연마 과녁으로 썼다는 '살맞은돌'을 만난다."	null	null	하	null	null	null	null	null	null	geuglak	2021-11-30
금오름	"금악오름, 검은오름, 흑악(黑岳), 금물악(今勿岳), 금악(今岳), 금악담(今岳潭)"	제주특별자치도 제주시 한림읍 금악리 산 1-1	178	427.5	126.305847	33.35722	"비고 178m의 원형(화구호) 화구를 지닌 화산체. 산정부에 대형 원형 분화구(깊이 약 52m)와 산정화구호를 갖는 기생화산체로, 남북 두 개의 봉우리가 동서의 낮은 안부로 이어진다. 화구호는 예전에는 수량이 풍부했으나 현재는 비가 오면 물이 고이거나 습지를 이루는 정도다. 해송·삼나무·찔레·보리수 등이 자란다. '검·감·곰·금'은 어원상 신(神)을 뜻하는 '곰'과 상통해 예부터 신성시된 오름으로 해석된다. 정상에 대형 통신시설이 있어 오르는 길이 차량 통행 가능하도록 포장되어 있으며, 입구에서 정상까지 약 15분 소요된다. 정상에서 한라산과 비양도를 조망할 수 있고 분화구 둘레길 산책이 가능하며, 서쪽 오름답게 노을 명소로 알려져 있다. 성이시돌목장에서 차로 약 3분 거리다."	TRUE	TRUE	하	null	null	null	null	null	null	geum	2021-11-30
고근산	"고공산, 호근산, 고근산(孤根山), 고근산(古近山), 고공산(古公山), 고공산(古空山)"	제주특별자치도 서귀포시 서호동 1286-1	171	396	126.514198	33.268082	"비고 171m의 원형 화구를 지닌 화산체. 서귀포 신시가지를 감싸고 있는 기생화산으로 정상에 깊지 않은 원형 분화구가 있다. 둘레 4,324m, 면적 1,204,428㎡. 근처에 산이 없어 외롭게 서 있다는 뜻에서 고근산(孤根山)이라 했다는 설과, 평지 한가운데 우뚝 솟았다 하여 고공산이라 부른다는 설이 있다. 오름 중턱에 삼나무·편백나무·상수리나무가 조림되어 있고 억새 군락을 이루며, 산책로는 자연 흙길이라 하절기에도 더위를 피하기 좋다. 정상에서 마라도에서 지귀도까지 제주 바다와 서귀포 시가지·범섬이 한눈에 들어오고 서귀포 칠십리 야경 명소로도 꼽힌다. 설문대할망이 한라산 정상을 베개 삼고 고근산 굼부리에 궁둥이를 얹은 채 범섬에 다리를 걸치고 물장구를 쳤다는 전설이 전한다. 제주올레 7-1코스 중간 지점이며, 남서쪽 탐방로 입구 외에 고근산로를 따라 450m 더 올라간 곳, 그리고 올레 7-1코스 역방향 진입로 등 여러 코스가 있다."	TRUE	null	null	null	null	null	null	null	null	gogeunsan	2021-11-30
궁대악	궁대오름	제주특별자치도 서귀포시 성산읍 수산리	54	238.8	126.823044	33.435707	"비고 54m의 복합형 화구를 지닌 화산체. 전 사면을 따라 삼나무와 소나무가 숲을 이룬다. 산체가 활처럼 휘어 보이는 형상이다. 금백조로와 서성일로189번길이 만나는 사거리 로터리가 오름 남쪽에 있으며, 서쪽 가까이에 돌미(돌리미)오름, 동쪽 약 1.6km 지점에 낭끼오름이 있다."	null	null	null	null	null	null	null	null	null	gungdaeak	2021-11-30
군산	"군산오름, 굴메오름, 굴메오롬, 코메오름"	제주특별자치도 서귀포시 안덕면 창천리 564	280	334.5	126.370857	33.251938	"비고 280m의 원추형(라바돔) 화산체. 총면적 2,836,857㎡, 둘레 8,111m, 저경 2,795m로 화산쇄설성 퇴적층으로 이루어진 기생화산체 중 제주도 최대 규모다. 고려 1007년(목종 10)에 솟아났다고 전해진다. 창천리 앞 창고천 건너에 동서로 길게 가로누운 형태이며 남사면의 난드르(대평리)를 병풍처럼 에워싼다. 정상에는 용 머리의 쌍봉처럼 솟은 두 개의 뿔바위가 있고, 동남 사면에는 애기업개돌 등 차별침식으로 형성된 기암괴석이 발달했다. 정상부는 쌍선망월형(雙仙望月型) 명당이어서 묘를 쓸 수 없는 금장지(禁葬地)였고 가뭄이 들면 기우제를 지냈다. 남사면 미륵골에는 미륵돌과 농퀘가 있다. 정상까지 포장도로가 있어 차로 오를 수 있으나 외길이고 좁아 주의가 필요하며, 걸어서 오를 경우 약 30분 소요된다. 등산로는 4개소가 있고 감산리 방향(차량)과 상예동 방향(도보 약 20분)이 주로 이용된다. 정상에서 한라산·중문관광단지·대평리·산방산·송악산·마라도·모슬봉까지 조망되며 일출·일몰 명소로 알려져 있다. 탐방로 근처에 운동기구가 설치되어 있고 제주올레 9코스가 지난다."	TRUE	null	하	null	null	null	null	null	null	gunsan	2021-11-30
이달봉	"이달오름, 이달이오름, 이달악(二達岳), 이달봉(二達峰)"	제주특별자치도 제주시 애월읍 봉성리	119	488.7	126.348381	33.363838	"비고 119m의 원추형 화구를 지닌 화산체. 둘레 2,015m, 면적 205,204㎡. 예로부터 이달이오름이라 불렀고 한자를 차용해 이달악(二達岳)·이달봉(二達峰)으로 표기했는데, 두 개의 봉우리가 가파르게 솟아 있다는 데서 붙은 것으로 보인다. 동쪽에 새별오름이 이웃하고 서남쪽에는 누운오름·눈오름이 길게 누워 있으며, 북동쪽에는 골프장이 조성되어 있다. 찔레나무·꽝꽝나무·사스레피나무가 자생하고 전 사면에 소나무와 삼나무가 자라며 일부 등성이는 풀밭이다. 평화로 변 봉성 교차로에서 봉성리 쪽으로 2.5km를 가면 기슭에 이르고 정상까지 약 20분 걸린다. 새별오름 주차장에서 오름 입구까지 도보 15~20분이 걸리며 정상에서는 새별오름 분화구를 한눈에 볼 수 있다."	null	null	null	null	null	null	null	null	null	idalbong	2021-11-30
이달이촛대봉	null	제주특별자치도 제주시 애월읍 봉성리	86	456	126.347038	33.366447	"비고 86m의 원추형 화구를 가진 화산체. 이달봉과 쌍둥이 화산체이며, 유난히 봉긋하게 솟은 봉우리 모습을 촛대에 비유하여 명칭하였다. 새별오름·검은들먹오름·다래오름·한대오름·빈내오름·폭낭오름·괴미오름·북돌아진오름·이달봉·가메오름·눈오름·어도오름 등과 함께 애월읍에서 가장 많은 오름을 거느린 봉성리에 속한다."	null	null	null	null	null	null	null	null	null	idari-chotdaebong	2021-11-30
인정오름	이신악(伊信岳)	제주특별자치도 서귀포시 토평동 1952	49	232.5	126.585411	33.283649	"비고 49m의 원형 화구를 지닌 화산체. 서귀포 북동쪽 약 4.5km 지점의 중산간 마을인 토평동에 위치하며, 행정동으로는 영천동 관할이다."	null	null	null	null	null	null	null	null	null	injeong	2021-11-30
자배봉	"자배오름, 망오름, 자배봉(資輩峰), 자배봉(資盃峰)"	제주특별자치도 서귀포시 남원읍 위미리 산143	111	211.3	126.675797	33.299992	"비고 111m의 원형 화구를 지닌 화산체. 둘레 2,829m, 면적 440,293㎡, 저경 816m. 북쪽 정상에는 가시덤불 속에 팽나무(폭낭) 한 그루가 서 있고 그 안쪽으로 넓고 깊은 깔때기형 굼부리가 있다. 비고가 꽤 높지만 중간 능선을 따라 한 바퀴 돌아볼 수 있는 산책로가 잘 정비되어 있다. 과거 정상에 봉수대가 있어 망오름이라고도 불렸으며, 하례리 예촌망(호촌봉수)이 북동쪽으로 자배봉수와 교신했다고 전한다. 남쪽 기슭에는 고좌수 파혈터가 있었으나 지금은 자취 없이 귤밭이 되었고, 관을 뒤집어 하관해 장수가 날 뻔했다가 무덤을 파헤치자 황새가 날아올랐다는 전설이 전해진다. 남원읍 위미리 대성동 중산간도로(국도 16호선)에서 서쪽으로 난 목장 진입로 방면에 고이악이 이웃해 있다."	null	null	null	null	null	null	null	null	null	jabaebong	2021-11-30
제지기오름	"절오름, 절지기오름, 제제기오름, 저즈기오롬, 저적악, 사악(寺岳)"	제주특별자치도 서귀포시 보목동 275-1	85	94.8	126.609947	33.241749	"비고 85m의 원추형 화산체로 전체적으로 삼각형 모양이다. 면적 약 77,023㎡. 조면암질 화산암과 일부 화산쇄설성 퇴적층으로 이루어져 용암 원정구 형태를 띤다. 북면은 완만한 등성이가 여러 갈래로 얕게 패어 있고 남사면은 매우 가파른 벼랑을 이루며 중턱 자연동굴('엉') 안에 바위굴과 절터가 있다. 이 굴에 암자가 있었다 하여 '절오름', 절을 지키는 사람이 살았다 하여 '절지기오름'이라 하던 것이 제지기오름으로 변했다는 설이 전하며 한자로는 사악(寺岳)으로 표기한다. 서쪽에 보목동 마을, 남쪽은 바닷가에 접하며 서남쪽 바다에 섭섬(숲섬), 동남쪽 바다에 직구섬(지귀도)이 있고 섭섬까지는 1km가 채 안 된다. 정상에서 보목리 마을과 서귀포 앞바다가 내려다보인다. 제주올레 6코스가 지난다."	null	null	null	null	null	null	null	null	null	jejigi	2021-11-30
저지오름	"닥몰오름, 닥모루, 새오름, 저지악(楮旨岳)"	제주특별자치도 제주시 한경면 저지리	104	239	126.2509	33.334156	"비고 104m의 원형 화구를 지닌 화산체. 산상의 분화구를 중심으로 어느 쪽 사면이나 경사와 거리가 비슷한 둥근 산체를 이루며, 둘레 약 900m·깊이 약 60m의 매우 가파른 깔때기형 산정 분화구를 갖는다. 각 사면은 해송이 주종을 이루며 잡목과 함께 울창한 숲을 이루고, 분화구 안은 낙엽수림·상록수림의 자연림이나 보리수나무·찔레나무·닥나무가 빽빽해 화구 안 접근은 매우 어렵다. 저지의 옛 이름이 '닥모루(닥몰)'여서 닥몰오름이라 불렸고, 마을 이름이 '저지'가 되면서 저지악(楮旨岳)이라는 한자명이 생겼다. 2005년 생명의숲으로 지정되고 2007년 제8회 아름다운 숲 전국대회에서 대상(생명상)을 받았다. 제주올레 13코스 종점에 위치하며, 둘레길 1.5km는 완만한 숲길이고 그 끝에 정상으로 오르는 계단이 있다. 정상 전망대까지 1.9km·약 45분이 걸리며 전망대에서 한라산을 비롯한 주변 오름들을 한눈에 볼 수 있다. 서북쪽 중턱에는 오름허릿당(할망당)이"										jeoji	2021-11-30
정물오름	"정수악(井水岳), 정수(井水), 정물"	제주특별자치도 제주시 한림읍 금악리 산52-1	151	466.1	126.329353	33.339428	"비고 151m의 말굽형(북서향) 화구를 지닌 화산체. 둘레 2,743m, 면적 494,293㎡. 오름 서쪽 자락(입구 앞쪽)에 '정물샘'이라 부르는 쌍둥이 물통이 있어 이름이 붙었으며 안경샘이라고도 하고 한자로는 정수악(井水岳)으로 표기한다. 예전에는 수량이 풍부하고 맑아 인근 주민의 식수로 쓰였으나 지금은 수질 악화로 농업용수와 마소 음용수로만 이용된다. 서쪽 기슭에 원추형 알오름인 정물알오름이 딸려 있다. 가을철 황금빛 억새가 장관을 이루며, 정상에서 한라산과 주변 오름들을 한눈에 조망할 수 있다. 코스는 오름을 한 바퀴 도는 구조로 계단을 10분 정도 오르면 정상에 닿는다. 주변에 성이시돌목장이 있고 입구 반대편에는 금악 테쉬폰 산책로가 있다. 대중교통은 광평교차로 또는 이시돌하단지 정류장에서 하차해 도보로 접근한다."	TRUE	null	하	null	null	null	null	null	null	jeongmul	2021-11-30
제석오름	null	제주특별자치도 서귀포시 표선면 하천리	48	87.5	126.835685	33.347694	"비고 48m의 원추형 화구를 지닌 화산체. 전 사면에 걸쳐 소나무를 비롯한 잡목들이 숲을 이루며 오름 기슭까지 밀감밭으로 되어 있다. 표선면 하천리의 달산봉(망오름)과 맞붙어 있어 달산봉 정상부에서 제석오름의 일부를 볼 수 있으며, 현지 이정표에도 '달산봉 정상'과 '제석오름 입구'가 함께 안내되어 있다. 동부 일주도로와 번영로가 만나는 표선 교차로 인근에서 성읍리 방면으로 약 1km 진입 후 우측 소로를 따라가면 오름 기슭에 이른다."	null	null	null	null	null	null	null	null	null	jeseok	2021-11-30
지미봉	"지미오름, 지미산(只未山), 지미산(指尾山), 지미악(指尾岳), 지미악(地尾岳), 지미봉(指尾峯), 지미망(指尾望), 종달봉(終達峰)"	제주특별자치도 제주시 구좌읍 종달리 산3-1	160	165.8	126.901497	33.495327	"비고 160m의 말굽형(북향) 화구를 지닌 화산체. 둘레 2,636m, 면적 423,814㎡, 저경 927m. 제주 동쪽 끝에 있어 '땅끝'을 뜻하는 지미(地尾)라는 이름이 붙었다고 전하며, 조선 초기 정상에 봉수를 설치하면서 지미망·지미봉으로 표기되었다. 종달마을 입구 동북 방향에 있고 산 위 등성이는 원뿔 모양의 동쪽 봉우리가 주봉이며 북쪽에서 보면 두 개의 봉우리로 보인다. 식생은 소나무를 비롯한 여러 나무가 자란다. 정상에 지미봉수 터가 남아 있어 남동쪽 성산봉수, 북서쪽 왕가봉수와 교신했고 종달연대·입두연대와도 교신했다. 성산일출봉과 우도, 종달항과 종달리 앞바다를 한눈에 조망할 수 있으며 서북쪽 기슭 하도리 창흥동 양어장 일대는 철새도래지다. 제주올레 21코스가 지나며 전망대와 산책로가 정비되어 있다. 주차장에 지미봉 표석과 안내판이 있고 바로 옆이 탐방로 초입이며, 오르는 데 20~30분 정도 걸린다."	TRUE	null	중	null	null	null	null	null	null	jimibong	2021-11-30
좌보미	"좌보미오름, 좌보미악, 한좌보산(閑佐甫山)"	제주특별자치도 서귀포시 표선면 성읍리 산6	112	342	126.8067627	33.43609516	"비고 112m의 말굽형(남향) 화구를 지닌 화산체. 면적 631,356㎡, 둘레 4,898m. 5개의 큰 봉우리가 서로 연결되어 하나의 기형적 형태의 커다란 산체를 이루며, 큰 봉우리를 좌보미큰오롬이라 하고 그 남쪽에 알오롬·소용메·진??르·염통메·곧은??르 등의 봉우리와 산마루가 있다. 동쪽 정상에서 보면 사면 아래로 작은 원형 분화구 흔적을 가진 둔덕들이 줄지어 있고, 5개 봉우리에 알오름(이류구)을 합하면 봉우리가 13개에 달해 풍수에서 오행을 갖춘 오름이라는 해석도 있다. 서쪽 기슭 백약이오름과의 사이에는 암설류군 언덕들이 산재한다. 대부분 목장지대로 방목 중인 소·말을 볼 수 있고 아래쪽 자락에는 표선면 공동묘지(납골묘)가 있다. 북사면과 주봉 서쪽 사면에는 해송이 조림되어 청미래덩굴 등과 어우러진다. 정상에서 서쪽 백약이오름, 북쪽 동검은이오름, 남쪽 영주산이 조망되며 북쪽 기슭에는 초승달 모양의 월랑지가 있다."	null	null	null	null	null	null	null	null	null	jwabomi	2021-11-30
모구리오름	"모구악(母狗嶽), 모골(毛骨), 모고리(毛古里), 모고악(毛古嶽), 모골악(毛骨嶽)"	제주특별자치도 서귀포시 성산읍 난산리	82	232	126.8284	33.408043	"비고 82m의 말굽형(남동향) 화구를 지닌 화산체. 총면적 202,089㎡, 둘레 2,327m. 남쪽(남동)으로 벌어진 굼부리 안쪽에 알오름을 거느리고 있어 어미 오름이 알오름을 품은 모습 같다는 데서 '어미 모(母)'를 따 모구리오름이라 불린다는 설이 있으나, '모구리'는 제주 고유어로 뜻이 확실하지 않으며 모구악(母狗嶽)으로 쓰고 어미 개의 젖 모양에서 유래했다는 설명은 신빙성 없는 민간 어원설로 본다. 1960년대 이후 식재된 소나무·삼나무가 산체의 대세이고 편백나무 숲길이 탐방로를 따라 이어진다. 북서쪽 능선을 따라 계단을 오른 뒤 굼부리 아래로 내려와 출발점으로 돌아오는 구조이며 왕복 약 30분이 걸린다. 바로 서쪽에 모구리 야영장, 그 너머 서쪽에 영주산이 있고 북쪽에 뒤굽은이오름·궁대오름·좌보미, 동쪽에 나시리오름·유건에오름이 있다. 날씨가 좋으면 정상에서 다랑쉬오름과 용눈이오름까지 보인다."	TRUE	TRUE	하	null	null	null	null	null	null	moguli	2021-11-30
모지오름	"모자오름, 뭇지오름, 모지악(母地岳), 모자악(母子岳), 모자봉"	제주특별자치도 서귀포시 표선면 성읍리 22	86	305.8	126.767769	33.393829	"비고 86m의 말굽형(북동향) 화구를 지닌 화산체. 둘레 3,802m, 면적 535,643㎡. 말굽형 화구 안에 별도의 알오름(화구구)이 솟아 있는 것이 가장 큰 특징으로, 어머니가 아이를 껴안고 있는 형체를 닮았다 하여 모자(母子)오름이라 하던 것이 변형되어 터(地)를 앞세운 모지(母地)오름으로 굳어졌다. 굼부리 안 알오름의 존재에서 명칭이 유래한 까닭에 능선 정상부 주봉 일대는 '에미(어미)동산'으로도 불린다. 모체 바깥쪽 번영로 도로변으로는 새끼오름들이 무리를 지어 있다. 탐방의 묘미는 삼나무 숲을 오른 뒤 화구를 중심으로 정상부 둘레를 돌아보는 것이다."	null	null	null	null	null	null	null	null	null	moji	2021-11-30
무악	"개오름, 믜오름, 무오름, 미오름, 미악(美岳), 무악(戊岳), 무악(舞岳), 술악(戌岳)"	제주특별자치도 서귀포시 안덕면 동광리 산12	126	496.1	126.369118	33.315536	"비고 126m의 화산체. '믜오름'의 '믜다'는 '미다(무이다)'의 옛말로 살이 드러날 정도로 털이 빠진다는 뜻이어서, 나무 없이 맨 땅이 드러날 정도로 헐벗은 오름을 뜻하는 것으로 분석된다. 여기서 변형되어 무오름·미오름이라 부르기도 하고, 오름 모양새가 개가 누워 있는 형태를 닮았다 하여 개오름이라고도 하며 한자로는 戊岳(무악)·美岳(미악)으로 쓴다. 과거에는 나무가 없어 미끈했으나 현재는 숲이 무성하다. 동광 육거리에서 동쪽 방향의 동광 양잠단지 마을 북동쪽에 솟아 있으며, 오름 남쪽에서 정상부로 올라가는 탐방로가 있다. 오름 안 묘비에는 舞岳(무악)으로 새겨진 예도 확인된다."	null	null	null	null	null	null	null	null	null	muak	2021-11-30
명월오름	"밝은오름, 붉은오름, 명월악(明月岳), 명악(明岳), 적악(赤岳)"	제주특별자치도 제주시 한림읍 명월리	39	148.5	126.279259	33.382324	"비고 39m의 말굽형 화산체. 면적 60,359㎡, 둘레 1,083m. 오름과 그 일대가 붉은 송이와 흙으로 덮여 있다는 데서 밝은오름 또는 붉은오름이라 불렀고, 한자를 차용해 명악(明岳) 또는 적악(赤岳)으로 표기했다. 동남쪽에는 나지막한 방지오름(방주오름)이 있다. 애초에 산체가 낮은 데다 오랜 세월 개간과 변화가 이루어져 오름으로서의 매력은 낮은 편이다."	null	null	null	null	null	null	null	null	null	myeongwol	2021-11-30
묘산봉	"괴살메, 괴살미, 괴살뫼, 고살미, 궤살미, 묘산(猫山), 묘악(猫岳), 고산(高山), 화산악(花山岳)"	제주특별자치도 제주시 구좌읍 김녕리 369	81	116.3	126.744804	33.543922	"비고 81m의 말굽형 화구를 지닌 화산체. 일주도로에서 보면 등성이가 고양이 등처럼 구부정하게 굽어 있고, 반대쪽 남쪽(한라산 방향)으로 화구가 벌어진 말굽형이다. 고양이가 누워 있는 모양이라 하여, 또는 고양이가 살았다 하여 괴(고양이의 옛말)+살(살다)+메(山)로 괴살메라 부르고 한자로 묘산(猫山)·묘악(猫岳)·묘산봉(猫山峰)으로 표기한다. 전 사면에 해송이 주종을 이루며 아카시아 등이 덤불과 어우러져 숲을 이루고 그 밑에 백량금·백서향·섬새우난·보춘화가 자생한다. 말굽형 화구 안과 오름 주변은 농경지로 조성되었다. 남쪽 기슭에는 천신·지신에게 마을의 무병과 안녕, 번영을 기원하며 제사를"										myosanbong	2021-11-30
남산봉	"망오름, 남산(南山), 남산봉(南山峰)"	제주특별자치도 서귀포시 성산읍 신풍리	54	178.8	126.810814	33.384289	"비고 54m의 원형 화구를 지닌 나지막한 화산체. 과거 정상에 봉수대가 있어 망(望)오름·남산봉(南山峰)이라 불렸으며, 봉수대 터가 지금도 뚜렷하게 남아 있다. 남산봉수는 1439년(세종 21)에 세워졌고 인근 독자봉의 독자봉수, 달산봉의 달산봉수와 교신했다고 한다. 옛날 이 오름 정상에서 바라보는 바다에 비친 달빛이 장관이어서 '남산명월(南山明月)'이라 하여 정의팔경(旌義八景)의 하나로 꼽았다고 전한다. 신풍리 레포츠공원 옆 소로로 500여 m 진입하면 안내 표지판과 함께 차량 여러 대를 댈 수 있는 넓은 공터가 있고, 소나무 숲 사이 나무계단 탐방로를 350여 m 오르면 정상 둘레길과 만나 좌우 어느 방향으로 돌아도 다시 만나게 된다."	TRUE	null	하	null	null	null	null	null	null	namsanbong	2021-11-30
낭끼오름	"낭곶오름, 낭껏오름, 낭케오름, 남케오름, 남것오름, 남거봉(南擧峰), 남관봉(南冠峰)"	제주특별자치도 서귀포시 성산읍 수산리	40	185.1	126.841972	33.435303	"비고 40m의 원형 화구를 지닌 화산체. '낭끼'의 '낭'은 나무를 뜻하는 제주말이고 '끼'는 초목이 자라나는 들판 또는 일정한 지역·변두리를 뜻한다. 오름 모양새가 갓을 벗어놓은 것 같다 하여 남관봉(南冠峰)으로도 쓰며, 북동쪽 기슭 묘비에는 한글로 '남것오름'이라 새겨져 있어 여러 이름으로 불려왔음을 알 수 있다. 남쪽에서 보면 사다리꼴이고 서쪽에서 보면 산머리가 원뿔형을 띠며 산등성이가 동쪽으로 길게 뻗어 있어, 분류상 원형이나 실제로는 원추형에 가깝다. 북쪽과 남쪽 모두 경사가 완만하다. 정상부에는 좁은 풀밭과 함께 산화경방 초소를 겸한 전망대가 설치되어 있어 비고가 낮아도 전망이 좋은 편이다. 수산리 마을에서 금백조로를 따라 비자림로 방향으로 가는 도중에 있으며, 궁대오름 남쪽 사거리 로터리에서 동쪽으로 약 1.6km, 수산2리 입구 교차로에서 금백조로로 약 3.1km 지점의 북쪽 삼거리에서 남쪽 소로로 약 110m 들어가면 탐방로 진입 지점이다."	null	null	null	null	null	null	null	null	null	nangkki	2021-11-30
넉시악	"넉시오름, 넋이오름, 적이악, 백리악(魄犁岳), 백사악(魄獅岳), 백씨악(魄氏岳), 혼사악(魂師岳), 백악(魄岳), 혼악(魂岳)"	제주특별자치도 서귀포시 남원읍 의귀리 531	56	146.2	126.7146	33.305565	"비고 56m의 말굽형 화구를 지닌 화산체. 둘레 1,416m, 면적 128,854㎡, 저경 498m. 남서~북동으로 다소 평평한 등성마루를 이루고 남동사면으로 골이 패어 내렸으며, 반대쪽 북서사면에 넓고 얕은 굼부리가 벌어졌으나 숲에 덮여 화구라 할 만큼 드러나 보이지는 않는다. 큰비가 내린 뒤 섯내(西川)가 범람할 때 동산을 지나던 송아지가 냇물에 휩쓸려 떠내려가는 것을 보고 어미 소가 넋을 잃었다는 데서 이름이 유래했다고 전하며, 한자로 넋 백(魄)과 얼룩소 리(犁)를 써서 魄犁岳(백리악)으로 표기한다. 비고가 낮아 심한 경사는 없고, 정상부에는 이동통신 기지국이 설치되어 있다. 기슭 아래와 주변은 대부분 밀감밭으로 개간되었으나 사면에는 다양한 잡목이 자라 깊은 숲을 이루고 산책로가 잘 만들어져 있어 의귀리 주민들의 쉼터이자 마을을 수호하는 산체 역할을 한다. 의귀리 중앙동 네거리 남쪽 약 250m 지점, 섯내 건너에 위치한다."	null	null	하	null	null	null	null	null	null	neoksiak	2021-11-30
늡서리	"늡서리오름, 만상봉(晩霜峰)"	제주특별자치도 제주시 조천읍 교래리	59	488.9	126.66494	33.441711	"비고 59m의 말굽형(북동향) 화산체. 면적 115,505㎡, 둘레 1,691m. 화구 내부에는 잡초가 다수 분포하고 화구 외부의 경사진 곳에는 자연림이 무성하게 숲을 이루며 자주괴불주머니가 자생하는 것으로 확인되었다. 이름의 유래는 알 수 없으나, 한자명이 만상봉인 점으로 미루어 '늡서리'를 '늦서리'로 잘못 인식해 한자명을 표기한 것으로 추측된다. 북서쪽에 바농오름, 남쪽에 돔베오름이 있고 동북쪽으로 굼부리가 벌어져 있다."	null	null	null	null	null	null	null	null	null	neubseoli	2021-11-30
높은오름	"노픈오름, 고악(高岳)"	제주특별자치도 제주시 구좌읍 송당리	175	405.3	126.792419	33.457088	"비고 175m의 화산체. 면적 951,657㎡, 둘레 4,318m. 예로부터 주변 오름과 비교해 유난히 높다는 데서 유래한 이름으로, 주변 일대에서 유일하게 고도 400m 이상이며 능선미가 뚜렷하고 주위에 산재한 뭇 오름을 압도하는 느낌을 준다. 정상에는 둘레 약 500m(깊이 약 25m)의 원형 굼부리가 3개의 봉우리를 이으며 위용을 자랑한다. 산등성이 곳곳에 크고 작은 바위가 있고 그 틈새에 사스레피나무와 부처손이, 등성이 일부에는 물매화·미나리아재비·제비꽃·피뿌리풀이 서식한다. 표고가 높아 정상에서 사방을 시원하게 조망할 수 있으며 다랑쉬·거미오름·백약이로 이어지는 북~동~남쪽 조망이 특히 뛰어나고, 경관이 아름다워 패러글라이딩 동호인들도 찾는다. 남쪽·남동쪽에 문서기오름과 동검은이오름, 서남쪽에 압오름(아부오름), 북서쪽에 송당리가 있다. 송당사거리에서 손자봉삼거리 방향으로 가다가 구좌읍공설공원묘지 진입로로 들어가 삼나무숲을 지나면 공동묘지 정면으로 오르는 나무계단이 나온다."	null	null	null	null	null	null	null	null	null	nopeun	2021-11-30
삼매봉	"삼미봉(三美峰), 사모봉(紗帽峰), 새미양, 삼매양악(三每陽岳), 삼매양악(三梅陽岳)"	제주특별자치도 서귀포시 서홍동	104	153	126.54631	33.244247	"비고 104m의 복합형 화구를 지닌 화산체. 세 개의 봉우리가 매화꽃 세 송이가 연달아 있는 모양새라 하여 삼매봉(三梅峰)이라 하며, 아름다운 것이 셋 겹쳐 있다 하여 삼미봉(三美峰), 벼슬아치와 혼례 때 신랑이 쓰던 모자를 닮았다 하여 사모봉(紗帽峰)이라고도 한다. 북쪽 하논의 넓은 굼부리와 북동쪽 솜반내가 모두 물이 많이 솟는 샘이라는 데서 '새미양'이라고도 하며 삼매양(三每陽)으로 표기하기도 한다. 서귀포 시가지 서쪽의 측화산으로 분화구는 북쪽의 하논(마르형 분화구)이며 그 외륜부에 형성된 분석구다. 정상에 남성정(南星亭)이라는 팔각정이"										sammaebong	2021-11-30
생길이오름	"생길이, 생길악, 생기악(生氣岳), 성길악(成吉岳)"	제주특별자치도 서귀포시 남원읍 신례리	65	260	126.642708	33.305759	비고 65m의 말굽형 화구를										sengili	2021-11-30
서걸세	"걸세오름, 걸서악(桀瑞岳), 걸시오름, 걸쇠오름"	제주특별자치도 서귀포시 남원읍 하례리 산124	50	150	126.618401	33.280914	"비고 50m의 원추형 화구를 지닌 화산체. 걸세오름은 두 개의 원추형 화산체로 이루어져 있으며, 마을에서는 남서쪽 봉우리를 서걸세, 북동쪽 봉우리를 동걸세라 부른다. 북동쪽 큰 봉우리(동걸세)는 해발 158m, 남서쪽 작은 봉우리(서걸세)는 해발 150m다. 동걸세는 나지막하나 서걸세 사면은 효례천(효돈천)을 끼고 있어 급사면을 이루며, 효돈천 계곡에 연한 서쪽 사면은 100m 이상 깎아지른 절벽이다. 옆에 딸린 작은 알오름은 '오름새끼'라 부른다. 산 모양이 문을 걸어 잠그는 걸세(걸쇠)를 닮았다 하여 걸세오름이라 한다는 풀이가 주민들 사이에 전하며, 두 계곡 사이에 있는 오름이라는 어원 해석도 있다. 현재 오름 대부분이 일부 숲을 제외하고 기슭에서 중턱까지 온통 감귤밭으로 개간되어 있다. 1960년대까지 절벽이 노출되어 있어 비석 돌을 캐던 자리와 돌 조각을 지금도 볼 수 있다."	null	null	null	null	null	null	null	null	null	seogeolse	2021-11-30
설오름	"설오름(가시리), 골갱이오름"	제주특별자치도 서귀포시 표선면 가시리	98	238	126.769951	33.370998	"비고 98m의 말굽형 화구를 지닌 화산체. 이름의 유래대로 골갱이(호미) 모양을 하고 있어 말굽형임을 쉽게 짐작할 수 있다. 가시리를 통과하는 가마천(보미솟내, 가시천)이 오름 서측 화구를 휘돌아 흐르며, 가시리 마을은 가세오름 북쪽·설오름 남쪽·갑선이오름 서쪽에 걸쳐 집중적으로 형성되어 있다. 탐방로는 남쪽·동쪽·북서쪽 여러 곳에서 시작되며, 동쪽 탐방로는 남쪽 입구를 지나 약 630m 더 가서 작은 내를 건너 표선 배수지가 설치된 지점, 북서쪽 탐방로는 가시리 오거리에서 따라비오름 방향 소로로 약 1.1km 간 뒤 새 도로를 따라 동쪽 약 280m 지점에서 물골을 따라 60m쯤 내려간 곳에서 시작된다. 오름에는 제주도 문화유산인 '가시리 설오름 청주한씨 방묘'가 있다."	null	null	null	null	null	null	null	null	null	seol	2021-11-30
성불오름	"성부람, 성보람, 성불악(成佛岳), 성불암(成佛岩)"	제주특별자치도 제주시 구좌읍 송당리	97	361.7	126.749092	33.423302	"비고 97m의 말굽형 화산체. 면적 380,707㎡, 둘레 2,221m. 등성마루 두 봉우리 사이 골짜기에 샘이 솟는데 이를 성불오름샘·성불천(成佛泉)·성불세미라 한다. 옛날 어떤 스님이 움막을 짓고 기도하다 성불했다는 데서 이름이 붙었다는 설과 정상부 바위가 염불하는 스님을 닮았다는 설이 전하나, '성불'이 한자어 成佛에 대응하는 말인지는 정확히 알려진 바 없고 샘을 뜻하는 옛말에서 왔다는 견해도 있다. 고려시대 창건되어 약 500년간 부처를 모셨다는 성불암 터가 있으며, 『탐라지』는 정의현 부근에서 오로지 이 오름에만 샘이 난다고 기록했다. 성불천은 정의현성 성읍 주민과 장기동(현 대천동) 사람들의 급수원이었고 지금도 매설된 수도관을 볼 수 있다. 서남쪽에 감은이오름, 동북쪽에 비치미오름이 있으며 탐방로 정비가 잘 되어 있다."	null	null	null	null	null	null	null	null	null	seongbul	2021-11-30
섯알오름	서알오름	제주특별자치도 서귀포시 대정읍 상모리	21	40	126.281504	33.20594	"비고 21m의 말굽형(서향) 화구를 지닌 작은 화산체. 둘레 704m. 송악산 응회환 외륜 북쪽에 자리한 세 개의 알오름(동알·셋알·섯알) 중 하나로, 셋알오름의 서편에 있다 하여 '서+알오름'이라 부르던 것이 사이시옷 현상을 거쳐 섯알오름이 되었다. 일본군이 1944년 말부터 알뜨르 지역을 군사요새화하는 과정에서 야트막한 오름 내부를 파내 폭탄(탄약) 창고로 사용했고 정상부에는 고각포진지 2기를 구축했으며, 이 창고 터는 일제 패망 후 미군에 의해 폭파되었다. 1950년 한국전쟁 발발 후 예비검속으로 붙잡힌 주민들이 이곳에서 집단학살·암매장되었고 희생자는 212명(자료에 따라 252명)에 이르며, 1956년 수습된 유해 중 132위가 상모리 '백조일손지지'에, 61위가 한림읍 명월리 개꼬리오름에 안장되었다. 제주도 내에서 당시 상황을 보여주는 유일한 학살터로 알뜨르비행장 일대와 함께 대표적인 다크투어리즘 현장이다."	null	null	null	null	null	null	null	null	null	seot-al	2021-11-30
서우봉	"서모오름, 서모봉, 서모름, 서도, 망오름, 서산(西山), 서산악, 서산망, 서산봉, 서우봉(犀牛峰)"	제주특별자치도 제주시 조천읍 함덕리 169-1	106	111	126.677505	33.54575	"비고 106m의 원추형 화산체. 둘레 3,493m, 면적 835,758㎡, 폭 1,284m로 완만한 등성이가 북·남 두 봉우리를 이룬다. 용암 바위가 노출된 남쪽 봉우리는 '남서모', 송이로 된 분석구인 북쪽 봉우리는 서산봉수가 있어 '망오름'이라 불린다. 조선시대 북쪽 봉우리에 봉수를 설치하면서 서산봉이라 하였고 조선 후기부터 서우봉(犀牛峰)으로도 불렸는데, 물소가 바다에서 올라오는 형상이라는 데서 유래했다고 전한다. 함덕해수욕장 동쪽에 맞닿아 있어 정상에서 함덕리 전체와 해변, 한라산까지 조망되며 정상부에 해송이 조림되고 등성이에 유채꽃이 핀다. 1273년 김방경이 이끄는 여몽연합군과 삼별초군의 전투가 벌어진 곳으로 전하며, 해안 절벽을 따라 일제강점기 일본 해군이 구축한 동굴진지가 19~23기 남아 있어 2006년 국가등록문화재 제309호로 지정되었다. 서우봉 둘레길은 총 2,550m(제1숲길 960m·제2숲길 500m·제3숲길 200m 등)로 경사가 완만한 흙길이며 약 1시간이 걸리고 제주올레 19코스에 포함된다. 함덕리 주최로 매년 초 서우봉 일출제가 열린다."	null	null	하	null	null	null	null	null	null	seoubong	2021-11-30
새신오름	신서악(新西岳)	제주특별자치도 제주시 한경면 청수리	41	141.2	126.238441	33.297661	"비고 41m의 원형 화산체. 한경면 산양리 북동쪽에 위치하며, 산양리라는 마을 이름이 이 오름(신서악)의 남쪽이라는 뜻에서 왔다고 추정되기도 한다. 청수리 일대의 가마오름·이계오름·굽은오름 등과 마찬가지로 일제강점기 일본군 갱도진지가 구축된 것이 확인된다."	null	null	null	null	null	null	null	null	null	sesin	2021-11-30
식은이오름	"사근이, 사근이오름, 상씨근악(上氏近岳)"	제주특별자치도 제주시 구좌읍 덕천리	45	286	126.747414	33.473301	"비고 45m의 말굽형(남서향) 화구를 지닌 화산체. 기슭과 능선으로 이어지는 곳에 잡목들과 가시덤불 등이 빽빽이 숲을 이룬다. 덕천리 마을 안에 어대오름(210.5m)·주체오름(220.6m)·북오름(340.6m)·종재기악(254.9m)과 함께 분포하는 높은 오름 중 하나이며, 웃못연못에서 시작해 숲터널·사근이오름·상덕천삼거리·북오름굴 고사리밭·주체오름을 도는 덕천리 '팔자 좋아 길' 코스에 포함된다."	null	null	null	null	null	null	null	null	null	sigeuni	2021-11-30
식산봉	"바오름, 바위오름, 바우오름, 쌍월(雙月), 식산봉(食山峰)"	제주특별자치도 서귀포시 성산읍 오조리 313	55	60.2	126.919968	33.465843	"비고 55m의 원추형 화구를 지닌 화산체. 기슭과 등성에 유독 바위가 많아 바위오름(바오름·바우오름)으로 잘 알려져 있다. 성산 내수면에 둘러싸여 있어 멀리서 보면 섬처럼 보이며, 해송과 대나무로 덮여 있다. 옛 제주 선조들이 오름에 낟가리를 덮어 왜구의 눈에 군량미처럼 보이게 했다는 데서 식산봉이라는 이름이 나왔다고 전한다. '쌍월'은 성산일출봉에서 떠오른 달이 내수면에도 비쳐 두 개의 달로 보인다 하여 붙은 이름이다. 황근의 국내 최대 규모 자생지이며 바람등칡(후추) 등이 자생해 '식산봉의 황근 자생지 및 상록활엽수림'으로 1995년 제주도 기념물로 지정되었다. 목재 데크 산책로와 등산로 계단이 정비되어 있고 규모가 작아 10~15분이면 정상에 도달하며, 정상에서 성산일출봉과 성산리 일대를 조망할 수 있다. 제주올레 코스에 포함된다."	TRUE	null	하	null	null	null	null	null	null	sigsanbong	2021-11-30
소병악	"족은오름, 소병악(小竝岳), 병악(竝岳), 골른오름, 골래기"	제주특별자치도 서귀포시 안덕면 상창리 산2-1	93	473	126.373634	33.308426	"비고 93m의 말굽형 화구를 지닌 화산체. 면적 178,836㎡. 쌍둥이오름인 병악(竝岳)의 두 봉우리 중 표고가 낮은 오른쪽 오름을 '족은오름'이라 부르며, 생김새가 아주 닮았다 하여 쌍둥이를 뜻하는 제주어 '골래기'에서 유래해 '골른오름', 한자로 병악(竝岳)이라 하고 큰 쪽이 대병악(大竝岳), 작은 쪽이 소병악(小竝岳)이다. 서향으로 느슨한 말굽형 화구를 갖는 기생화산체로, 화구 앞쪽 기슭자락에 암설류의 작은 언덕들이 산재하고 남사면 일부의 삼나무 조림지를 제외하면 자연림의 울창한 숲을 이룬다. 대병악의 동쪽과 소병악은 오름 하부를 공유하듯 붙어 있으나 두 오름 사이로 송전철탑이 지난다. 소병악에서 분출한 용암은 안덕 곶자왈 지대를 형성했다. 병악로를 따라 접근하며 소병악 정상부에서 좌우로 돌아 내려가는 코스가 일반적이다."	TRUE	FALSE	null	null	null	null	null	null	null	sobyeongak	2021-11-30
송악산	"절울이, 저별이악(貯別伊岳), 저별악(貯別岳), 저벼리오름, 솔오름, 송오름, 99봉"	제주특별자치도 서귀포시 대정읍 상모리 산1	99	104	126.289551	33.200703	"비고 99m의 복합형 화산체. 총면적 585,982㎡, 둘레 3,115m. 응회환 분화구(제1분화구, 지름 약 500m·둘레 약 1.7km) 안에 다시 스코리아콘(제2분화구, 둘레 약 400m·깊이 69m, 경사각 평균 70°)이 출현한 이중화산으로 세계적으로 유례가 드물며, 두 화산체 사이에 용암호가 나타나고 스코리아콘 남쪽 가장자리를 둘러싼 알오름들이 있다. 파도(제주어 '절')가 해안 절벽에 부딪혀 큰 소리가 난다 하여 '절울이'라 불렸고 이를 한자로 저별이악(貯別伊岳)·저별악(貯別岳)으로 표기했으며, 주변에 소나무가 많아 송악산(松岳山)으로도 불렸다. 여러 개의 작은 봉우리가 모여 있어 '99봉'이라고도 한다. 해식애 단면에 수성화산 분출의 퇴적 구조가 잘 나타나 하이드로볼케이노 형성 과정을 밝히는 중요한 장소로 평가된다. 일제 진지동굴이 남아 있고 제주올레 10코스가 지나며, 총 2.8km의 둘레길(주차장→송악산 표지석→진지동굴→전망대 1·2·3)이 조성되어 있다. 정상에서 마라도·가파도·형제섬·산방산·한라산이 조망된다."	TRUE	null	null	null	null	null	null	null	0	songaksan	2021-11-30
수산봉	"물메, 물메오름, 물미, 수산봉(水山峰)"	제주특별자치도 제주시 애월읍 수산리 2274	92	121.5	126.388649	33.473545	"비고 92m의 원추형 분화구를 지닌 소화산체. 동그란 형태의 분화구를 지니고 정상에 물이 고인 작은 연못이 있어 '물메(물메오름)', 정상에 봉수가 있어 '수산봉'이라 부른다. 제주올레 16코스에 포함되며 올레길을 따라가면 수산저수지와 곰솔을 지나 정상에 오르게 된다. 곰솔을 따라 올라가는 입구 외에 등산로 입구가 총 세 군데 있으며 차로 올라갈 수 있는 길도 있다. 계단과 길이 잘 다듬어져 있어 어린 자녀와 함께 오르는 가족 단위 여행객이 많고 산행시간은 약 20분(주변을 둘러보면 40분) 정도다. 남쪽 수산저수지 기슭의 곰솔은 수령 약 400년, 높이 10m, 흉고둘레 4.8m의 천연기념물(제441호)로 눈이 쌓이면 흰곰이 물을 마시는 형상을 연상시킨다 하여 붙은 이름이며, 저수지와 한라산을 배경으로 한 '하늘그네' 포토스팟이 있다."	null	null	하	null	null	null	null	null	null	susanbong	2021-11-30
통오름	통악(桶岳)	제주특별자치도 서귀포시 성산읍 난산리 1976	43	143.1	126.855972	33.39328	"비고 43m의 말굽형(서향) 화구를 지닌 아주 작은 화산체. 둘레 2,748m, 면적 258,114㎡. 대여섯 개의 봉우리에 에워싸여 내부가 원형처럼 보이나 북서쪽으로 벌어진 말굽형 화산체다. 오름 모양새가 밥통이나 물통처럼 물건을 담는 통(桶)처럼 생겼다 하여 통오름이라 불린다. 굼부리 안은 오래전부터 농경지로 개간되어 개인 묘지들도 자리한다. 인접한 신산리 독자봉과 함께 제주올레 3코스 경유지이며, 신산 교차로(난산 교차로)에 서면 바로 통오름 입구가 보인다. 내비게이션으로 신산 교차로에 도착한 뒤 주변이나 인근 독자봉 주차장을 이용할 수 있다. 정상부를 한 바퀴 도는 산책로가 있다."	TRUE	null	하	null	null	null	null	null	null	tong	2021-11-30
토산봉	"망오름, 토산망(兎山望), 토산봉(兎山峰/兎山烽), 토산봉수(兎山烽燧)"	제주특별자치도 서귀포시 표선면 토산리	75	175.4	126.773849	33.32391	"비고 75m의 복합형 화구를 지닌 화산체. 동쪽과 서쪽 두 개의 봉우리를 가진 말굽형 분화구로 동쪽 봉우리가 더 높으며, 두 개의 분화구를 지닌다. 서쪽의 작은 봉우리에 조선시대 봉수대가 설치되면서 '망오름'이라 했고 이 봉수를 토산봉(兎山烽)·토산봉수·토산망(兎山望)이라 불렀으며, 토산봉수대는 비교적 원형 그대로 남아 있다. 토산리는 본래 土山里였으나 지형이 옥토망월(玉兎望月)형 명당터로 알려지며 兎山里로 바뀌었다. 울창한 소나무 사이에 볼레나무가 자라고 그 아래 자금우·백량금이 빨간 열매를 맺으며 고사리가 자란다. 마을과 인접해 있어 토산1리·2리가 함께 공유하며 산책로 정비가 잘 되어 있고 제주올레 4코스가 지난다. 정상 부근에서는 마을의 무사안녕과 농사 풍요를 기원하는 포제를 지낸다."	null	null	하	null	null	null	null	null	null	tosanbong	2021-11-30
따라비오름	"지조악(地祖岳), 지조악(地租岳), 따애비, 땅하래비"	제주특별자치도 서귀포시 표선면 가시리 산62	107	342	126.754288	33.38892	"비고 107m의 복합형 화산체. 둘레 2,633m, 면적 448,111㎡, 저경 855m. 말굽형으로 터진 3개의 굼부리를 중심에 두고 좌·우 2곳의 말굽형 굼부리가 쌍으로 맞물려 3개의 원형분화구와 여섯 개의 봉우리로 이루어져 있으며, 부드러운 등성이로 연결된 능선과 화구의 조화가 아름답다. 화산 폭발 시 용암의 흔적이 아름다운 선을 만들어 가을이면 억새 군락과 어우러져 '오름의 여왕'으로 불린다. 북쪽에 새끼오름, 동쪽(북동쪽)에 모지오름과 장자오름이 있어 이들의 가장(家長)격이라 하여 '따애비'라 불리던 것이 '따래비'가 되었다고 하며, 시아버지와 며느리의 형국이라는 데서 유래해 '땅하래비' 즉 지조악(地祖岳)이라 부르기도 한다. 입구에서 정상까지 삼나무 숲길과 나무계단을 지나 약 25~30분이 걸리며, 3개의 굼부리 사이 능선을 걸을 수 있다. 쫄븐갑마장길(10.3km)에 포함된다."	TRUE	FALSE	하	null	null	null	null	null	0	ttalabi	2021-11-30
우진제비	"우진제비오름, 우진샘이, 우진산"	제주특별자치도 제주시 조천읍 선흘리 산111	126	410.6	126.698135	33.467384	"비고 126m의 말굽형(북향) 화구를 지닌 화산체. 둘레 2,353m, 면적 406,250㎡, 폭 756m. 둥글고 통통한 산체에 서쪽 봉우리가 주봉이며 북쪽으로 벌어진 말굽형 화구를 가진다. 소가 누워 있는 형상이라 하여 우진산, 제비가 날아가는 형상이라 하여 우진제비오름이라 불렸다. 삼나무가 줄지어 서 있어 삼나무 동산 같으며 자연생태계가 잘 보존되어 있다. 동부산업도로(번영로) 조천읍 함덕초 선인분교 못 미쳐 북쪽의 우진동 마을 뒷산으로, 마을 동쪽 길을 따라 오름 북동쪽으로 오를 수 있으나 정상으로 향하는 소로가 협소하고 급경사가 있어 길이 험한 편이다. 북쪽에 선흘리 공동묘지가 있고 인근에 거문오름·부대오름·골체오름이 군락을 이룬다."	null	null	중	null	null	null	null	null	null	ujinjebi	2021-11-30
월랑지	"월랑봉, 월랑지오름, 월지봉, 달모루"	제주특별자치도 서귀포시 표선면 성읍리	35	260.2	126.809734	33.438665	"비고 35m의 말굽형(북향) 화구를 지닌 화산체. 외부에서는 낮고 앙증맞은 모습이지만 산체 내부는 깊은 숲을 이루고 있다. 초승달 모양으로 생겨 붙은 이름으로 전하며, 좌보미오름의 북쪽 기슭에 위치한다."	null	null	null	null	null	null	null	null	null	wollangji	2021-11-30
원물오름	"원수악(院水岳), 원수악(元水岳)"	제주특별자치도 서귀포시 안덕면 동광리 산41	98	458.5	126.344551	33.322323	"비고 98m의 말굽형 화구를 지닌 화산체로 비교적 완만한 경사이고 조망권이 괜찮은 편이다. 동광육거리에서 북쪽으로 바라보이는 오름이며, 오름 초입(앞쪽)에 '원물'이라는 샘과 연못이 있다. 조선시대 이 오름 근처에 '이왕원(梨往院)'이라는 원(院, 관원용 국영 숙식시설)이 있었고 오름 아래 샘이 원물이라는 데서 이름이 유래했다고 하며, 대정현 원님이 제주목을 오가며 이 물을 마셨다는 데서 '원님이 마신 물'이라는 유래도 전한다. 한자로는 원수악(院水岳)·원수악(元水岳)으로 쓴다. 서쪽에 족은대비악(당오름), 남서쪽에 여진머리·골른오름(대병악·소병악)이 이어진다."	TRUE	null	하	null	null	null	null	null	null	wonmul	2021-11-30
열안지오름	"열안지, 열안지악, 연안지오름"	제주특별자치도 제주시 봉개동	54	328	126.605356	33.47307434	비고 54m의 말굽형(북향) 화구를 가진 화산체. 잡목과 자연림이 숲을 이룬다.	null	null	null	null	null	null	null	null	null	yeol-anji	2021-11-30
영천악	"영천오름, 영천이오름, 영천악(靈泉岳)"	제주특별자치도 서귀포시 상효동	97	277	126.600677	33.295338	"비고 97m의 원형 화구를 지닌 화산체. 잘 정리된 산책로가 5·16도로까지 이어져 있다. 오름 인근에 영천사(靈泉寺)와 영천이라는 샘이 있으며, 돈내코 계곡 상류부와 가깝다."	null	null	null	null	null	null	null	null	null	yeongcheonak	2021-11-30
영주산	"영모루, 영매, 영주산(瀛州山), 영모르오름"	제주특별자치도 서귀포시 표선면 성읍리	176	326.4	126.7962446	33.40456816	"비고 176m의 말굽형 화구를 지닌 화산체. 높은 비고를 가져 정상에서의 조망권이 매우 좋다. 예로부터 신선이 사는 산으로 여겨져 한라산·방장산과 함께 삼신산(三神山)의 하나인 영주산(瀛州山)의 이름을 얻었다고 전하며, 성읍민속마을 북쪽에 우뚝 솟아 있다. 완만한 능선과 계단·데크가 정비된 탐방로가 있고, 봄이면 능선을 따라 초록 풀밭과 유채가 어우러진다. 정상에서 성읍저수지와 성읍마을, 주변 오름 군락이 조망된다."	null	null	중	null	null	null	null	null	null	yeongjusan	2021-11-30
용눈이오름	"용와악(龍臥岳), 용유악(龍遊岳), 논오름, 룡논이오름"	제주특별자치도 제주시 구좌읍 종달리	88	247.8	126.8326896	33.45987829	"비고 88m의 복합형 화구를 지닌 화산체로, 타 오름에 비해 능선과 화구의 조화가 매우 아름답다. 용이 누워 있는 형상, 또는 용이 놀았다는 데서 이름이 유래했다고 전하며 한자로 용와악(龍臥岳)·용유악(龍遊岳)으로 쓴다. 부드럽게 흐르는 여러 개의 능선과 세 개의 굼부리가 어우러져 사진작가 김영갑이 사랑한 오름으로 널리 알려졌다. 훼손 방지를 위해 자연휴식년제로 출입이 통제되었다가 재개방되었다. 동쪽에 다랑쉬오름·아끈다랑쉬, 남쪽에 손자봉이 있다."	TRUE	null	하	null	null	null	null	null	null	youngnuni	2021-11-30
유건에오름	"유건이오름, 유건악(儒巾岳), 유근에오름"	제주특별자치도 서귀포시 성산읍 난산리	75	190.2	126.847069	33.413563	비고 75m의 원형 화구를 지닌 화산체. 세 개의 봉우리가 능선을 따라 이어지면서 원형의 굼부리를 형성하고 있다. 오름 모양이 선비가 쓰던 유건(儒巾)을 닮았다는 데서 이름이 유래했다고 전한다. 인근에 모구리오름·모구리야영장이 있다.	null	null	null	null	null	null	null	null	null	yugeone	2021-11-30
